INSERT INTO DIPENDENTE
(EMAIL_AZIENDALE,NOME,COGNOME,PRIVILEGIO,CHIAVE_ACCESSO) VALUES
('mauriziospinosa@gmail.com','Maurizio','Spinosa',2,'QMWNEBRVTCYZ99P$');
INSERT INTO DIPENDENTE
(EMAIL_AZIENDALE,NOME,COGNOME,PRIVILEGIO,CHIAVE_ACCESSO) VALUES
('riccardoandreaspinosa@gmail.com','Riccardo
Andrea','Spinosa',1,'QOWNEBHVTCYZ89P$');
INSERT INTO DIPENDENTE
(EMAIL_AZIENDALE,NOME,COGNOME,PRIVILEGIO,CHIAVE_ACCESSO) VALUES
('alessandromassadoro@live.it','Alessandro','Massadoro',1,'ALWNEBHVTCYZ89P$');
INSERT INTO DIPENDENTE
(EMAIL_AZIENDALE,NOME,COGNOME,PRIVILEGIO,CHIAVE_ACCESSO) VALUES
('palloncinodolce@live.it','Alessandro','Dolce',0,'DOWNEBHVTCYZ89P$');


INSERT INTO DISTRETTO(CODICE_DISTRETTO, NOME_DISTRETTO) VALUES
('SJK4BZ','Distretto Sanitario 24');
INSERT INTO DISTRETTO(CODICE_DISTRETTO, NOME_DISTRETTO) VALUES
('K28ACH','Distretto Sanitario 25');
INSERT INTO DISTRETTO(CODICE_DISTRETTO, NOME_DISTRETTO) VALUES
('6C33FX','DISTRETTO SANITARIO 26');
INSERT INTO DISTRETTO(CODICE_DISTRETTO, NOME_DISTRETTO) VALUES
('0RZBGZ','DISTRETTO SANITARIO 28');
INSERT INTO DISTRETTO(CODICE_DISTRETTO, NOME_DISTRETTO) VALUES
('PYCBDK','DISTRETTO SANITARIO 29');
INSERT INTO DISTRETTO(CODICE_DISTRETTO, NOME_DISTRETTO) VALUES
('0RZBGS','DISTRETTO SANITARIO 30');
INSERT INTO DISTRETTO(CODICE_DISTRETTO, NOME_DISTRETTO) VALUES
('7P4NCT','DISTRETTO SANITARIO 31');



INSERT INTO STRUTTURA(CENTRO_COSTO, NOME_STRUTTURA, VIA, CAP,
SITUAZIONE_GIURIDICA, CODICE_DISTRETTO) VALUES ('LDS2410505','RSA','Via
Vincenzo padula 1', '80123','PROPRIETA', 'SJK4BZ');
INSERT INTO STRUTTURA(CENTRO_COSTO, NOME_STRUTTURA, VIA, CAP,
SITUAZIONE_GIURIDICA, CODICE_DISTRETTO) VALUES ('LDS2410206','Loreto
Crispi','Via Michelangelo Schipa 9', '80122','PROPRIETA', 'SJK4BZ');
INSERT INTO STRUTTURA(CENTRO_COSTO, NOME_STRUTTURA, VIA, CAP,
SITUAZIONE_GIURIDICA, CODICE_DISTRETTO) VALUES ('LDS2410401','SEDE','Via
Chiatamone 33', '81040','PROPRIETA', 'SJK4BZ');
INSERT INTO STRUTTURA(CENTRO_COSTO, NOME_STRUTTURA, VIA, CAP,
SITUAZIONE_GIURIDICA, CODICE_DISTRETTO) VALUES ('LDS2610505','Fasce deboli
RSA','Via Adriano 117', '81055','PROPRIETA', '6C33FX');
INSERT INTO STRUTTURA(CENTRO_COSTO, NOME_STRUTTURA, VIA, CAP,
SITUAZIONE_GIURIDICA, CODICE_DISTRETTO) VALUES ('LDS2610602','Materno
infantile','Via Giorgio De Grassi ', '80126','PROPRIETA', '6C33FX');
INSERT INTO STRUTTURA(CENTRO_COSTO, NOME_STRUTTURA, VIA, CAP,
SITUAZIONE_GIURIDICA, CODICE_DISTRETTO) VALUES ('LDS2810507','RSA','Via
Emilio Scaglione 498', '80129','FITTO', '0RZBGZ');
INSERT INTO STRUTTURA(CENTRO_COSTO, NOME_STRUTTURA, VIA, CAP,
SITUAZIONE_GIURIDICA, CODICE_DISTRETTO) VALUES ('LDS2810206','SCIUTI','Via
San Gennaro ad Antignano 42', '80145','PROPRIETA', '0RZBGZ');
INSERT INTO STRUTTURA(CENTRO_COSTO, NOME_STRUTTURA, VIA, CAP,
SITUAZIONE_GIURIDICA, CODICE_DISTRETTO) VALUES ('LDS2910401','SAN
GENNARO','VIA S GENNARO POV 23A', '80136','PROPRIETA', 'PYCBDK');
INSERT INTO STRUTTURA(CENTRO_COSTO, NOME_STRUTTURA, VIA, CAP,
SITUAZIONE_GIURIDICA, CODICE_DISTRETTO) VALUES
('LDS2910206','Poliambulatorio','CORSO AMEDEO SAVOIA 220', '80136','PROPRIETA',
'PYCBDK');
INSERT INTO STRUTTURA(CENTRO_COSTO, NOME_STRUTTURA, VIA, CAP,
SITUAZIONE_GIURIDICA, CODICE_DISTRETTO) VALUES ('LDS2910505','RSA','Via
Fratelli Cervi ', '80131','FITTO', 'PYCBDK');
INSERT INTO STRUTTURA(CENTRO_COSTO, NOME_STRUTTURA, VIA, CAP,
SITUAZIONE_GIURIDICA, CODICE_DISTRETTO) VALUES ('LDSSA10401','ELENA D
AOSTA','VIA CAGNAZZI L EM 29', '80136','PROPRIETA', 'PYCBDK');
INSERT INTO STRUTTURA(CENTRO_COSTO, NOME_STRUTTURA, VIA, CAP,
SITUAZIONE_GIURIDICA, CODICE_DISTRETTO) VALUES ('LDS3010504','ASSISTENZA
ANZIANI','Corso Secondigliano 209', '80144','FITTO', '0RZBGS');
INSERT INTO STRUTTURA(CENTRO_COSTO, NOME_STRUTTURA, VIA, CAP,
SITUAZIONE_GIURIDICA, CODICE_DISTRETTO) VALUES ('LDS3010406','MEDICINA
LEGALE','Via Janfolla 444', '80145','FITTO', '0RZBGZ');
INSERT INTO STRUTTURA(CENTRO_COSTO, NOME_STRUTTURA, VIA, CAP,
SITUAZIONE_GIURIDICA, CODICE_DISTRETTO) VALUES ('LDS2510401','Sede
Distretto','Via degni', '80125','FITTO', 'K28ACH');
INSERT INTO STRUTTURA(CENTRO_COSTO, NOME_STRUTTURA, VIA, CAP,
SITUAZIONE_GIURIDICA, CODICE_DISTRETTO) VALUES ('LDS2510602','FUTURO
MATERNO INFANTILE E GINECOLOGIA','Via Winspeare 6', '80125','PROPRIETA',
'K28ACH');
INSERT INTO STRUTTURA(CENTRO_COSTO, NOME_STRUTTURA, VIA, CAP,
SITUAZIONE_GIURIDICA, CODICE_DISTRETTO) VALUES ('LDS3110401','Sede
Distretto','Via Vespucci 9', '80142','FITTO', '7P4NCT');
INSERT INTO STRUTTURA(CENTRO_COSTO, NOME_STRUTTURA, VIA, CAP,
SITUAZIONE_GIURIDICA, CODICE_DISTRETTO) VALUES ('LDS3110206','SS.
ANNUNZIATA','VIA EGIZIACA A FORCELLA n° 18', '80139','PROPRIETA', '7P4NCT');


INSERT INTO MANDATO
(CODICE_ATTO,NUMERO_ATTO,TOTALE_PAGAMENTO,DATA_RECAPITO,EMAIL_AZIENDALE) VALUES
('279203','03',1800000,'28/FEB/2022','mauriziospinosa@gmail.com');

INSERT INTO MANDATO
(CODICE_ATTO,NUMERO_ATTO,TOTALE_PAGAMENTO,DATA_RECAPITO,EMAIL_AZIENDALE) VALUES
('54647','04',1300000,'28/FEB/2022','mauriziospinosa@gmail.com');

INSERT INTO MANDATO
(CODICE_ATTO,NUMERO_ATTO,TOTALE_PAGAMENTO,DATA_RECAPITO,EMAIL_AZIENDALE) VALUES
('83644','09',1100000,'28/FEB/2022','mauriziospinosa@gmail.com');

INSERT INTO MANDATO
(CODICE_ATTO,NUMERO_ATTO,TOTALE_PAGAMENTO,DATA_RECAPITO,EMAIL_AZIENDALE) VALUES
('278374','02',10000,'03/FEB/2022','alessandromassadoro@live.it');

INSERT INTO MANDATO
(CODICE_ATTO,NUMERO_ATTO,TOTALE_PAGAMENTO,DATA_RECAPITO,EMAIL_AZIENDALE) VALUES
('11240','09',1230000,'03/FEB/2022','riccardoandreaspinosa@gmail.com');
INSERT INTO MANDATO
(CODICE_ATTO,NUMERO_ATTO,TOTALE_PAGAMENTO,DATA_RECAPITO,EMAIL_AZIENDALE) VALUES
('282636','05',1280000,'03/FEB/2022','palloncinodolce@live.it');


INSERT INTO FORNITORE(PARTITA_IVA,NUMERO_SERVIZIO_CLIENTI,INDIRIZZO,
PEC, NOME) VALUES ('IT06328131211','0542843189','Via Molino Rosso, 8 - 40026 Imola
(BO)','clienti.MUI@gruppohera.it','HERA COMM S.p.A.');
INSERT INTO FORNITORE(PARTITA_IVA,NUMERO_SEDE,INDIRIZZO, PEC, NOME)
VALUES ('06328131211','800104104','Corso Umberto I, 330/D,
Marigliano','clienti@estraspa.it', 'Estra');
INSERT INTO
FORNITORE(PARTITA_IVA,NUMERO_SERVIZIO_CLIENTI,NUMERO_SEDE,INDIRIZZO,
PEC, NOME) VALUES ('07679350632','800884021','800009585','Via Ventaglieri 83, 80135
Napoli','segreteriagenerale@abcnapoli.telecompost.it','Acqua Bene Comune Napoli');
-- INSERISCO I POD A CUI VIENE ATTRIBUITA UN CONTRATTO
INSERT INTO POD (CODICE_POD,LETTURA_MANUALE,DATA_LETTURA) VALUES
('00186839',222300.36, '10/NOV/2020');
INSERT INTO POD (CODICE_POD,LETTURA_MANUALE,DATA_LETTURA)
VALUES('00068002', 1540.00, '03/FEB/2022');
INSERT INTO POD (CODICE_POD) VALUES ('041284');
INSERT INTO POD (CODICE_POD) VALUES ('054284');
INSERT INTO POD (CODICE_POD) VALUES ('043458');
INSERT INTO POD (CODICE_POD) VALUES ('095384');
INSERT INTO POD (CODICE_POD) VALUES ('082784');
INSERT INTO POD (CODICE_POD) VALUES ('055284');
INSERT INTO POD (CODICE_POD) VALUES ('043484');
INSERT INTO POD (CODICE_POD) VALUES ('054254');
INSERT INTO POD (CODICE_POD) VALUES ('041454');
INSERT INTO POD (CODICE_POD) VALUES ('052334');
INSERT INTO POD (CODICE_POD) VALUES ('012384');
INSERT INTO POD (CODICE_POD) VALUES ('112384');
INSERT INTO POD (CODICE_POD) VALUES ('122384');
INSERT INTO POD (CODICE_POD) VALUES ('132384');
INSERT INTO POD (CODICE_POD) VALUES ('142384');
INSERT INTO POD (CODICE_POD) VALUES ('142394');


INSERT INTO
CONTRATTO(CIG,POTENZA_CONTRATTUALE,CONDIZIONE_MERCATO,DEPOSITO_CAUZIONALE, TIPO_FORNITURA, STATO, TIPO, ADEGUATEZZA, DATA_ADEGUATEZZA,
CENTRO_COSTO, PARTITA_IVA, CODICE_POD) VALUES
('919198919',124,'FORNITURA ULTIMA ISTANZA','19','MEDIA Tensione
Trifase','1','G','SI','03/FEB/2022','LDS2410505','06328131211','132384');
INSERT INTO
CONTRATTO(CIG,POTENZA_CONTRATTUALE,CONDIZIONE_MERCATO,DEPOSITO_CAUZIONALE, TIPO_FORNITURA, STATO, TIPO, ADEGUATEZZA, DATA_ADEGUATEZZA,
CENTRO_COSTO, PARTITA_IVA, CODICE_POD,DATA_CESSAZIONE) VALUES
('919828919',124,'FORNITURA ULTIMA ISTANZA','19','MEDIA Tensione
Trifase','0','G','SI','03/FEB/2022','LDS2910206','06328131211','132384','30/JUN/2018');
INSERT INTO
CONTRATTO(CIG,POTENZA_CONTRATTUALE,CONDIZIONE_MERCATO,DEPOSITO_CAUZIONALE, TIPO_FORNITURA, STATO, TIPO, ADEGUATEZZA, DATA_ADEGUATEZZA,
CENTRO_COSTO, PARTITA_IVA, CODICE_POD) VALUES
('919198920',124,'FORNITURA ULTIMA ISTANZA','19','BASSA Tensione
Trifase','1','A','SI','03/FEB/2022','LDS2410505','06328131211','00068002');
INSERT INTO
CONTRATTO(CIG,POTENZA_CONTRATTUALE,CONDIZIONE_MERCATO,DEPOSITO_CAUZIONALE, TIPO_FORNITURA, STATO, TIPO, ADEGUATEZZA, DATA_ADEGUATEZZA,
CENTRO_COSTO, PARTITA_IVA, CODICE_POD) VALUES
('0101010121',560,'FORNITURA ULTIMA ISTANZA','10','Media Tensione
Trifase','1','G','SI','03/FEB/2022','LDS2410206','06328131211','142384');
INSERT INTO
CONTRATTO(CIG,POTENZA_CONTRATTUALE,CONDIZIONE_MERCATO,DEPOSITO_CAUZIONALE, TIPO_FORNITURA, STATO, TIPO, ADEGUATEZZA, DATA_ADEGUATEZZA,
CENTRO_COSTO, PARTITA_IVA, CODICE_POD,DATA_CESSAZIONE) VALUES
('0101010190',560,'FORNITURA ULTIMA ISTANZA','10','Media Tensione
Trifase','0','A','SI','03/FEB/2022','LDS2410206','06328131211','142384','13/OCT/2012');
INSERT INTO
CONTRATTO(CIG,POTENZA_CONTRATTUALE,CONDIZIONE_MERCATO,DEPOSITO_CAUZIONALE, TIPO_FORNITURA, STATO, TIPO, ADEGUATEZZA, CENTRO_COSTO,
PARTITA_IVA, CODICE_POD) VALUES
('1010101010',600,'FORNITURA ULTIMA ISTANZA','10','Media Tensione
Trifase','1','E','NO','LDS2410401','IT06328131211','00186839');
INSERT INTO
CONTRATTO(CIG,POTENZA_CONTRATTUALE,CONDIZIONE_MERCATO,DEPOSITO_CAUZIONALE, TIPO_FORNITURA, STATO, TIPO, ADEGUATEZZA, DATA_ADEGUATEZZA,
CENTRO_COSTO, PARTITA_IVA, CODICE_POD) VALUES
('0101010101',500,'FORNITURA ULTIMA ISTANZA','10','Bassa Tensione
Trifase','1','G','SI','03/FEB/2022','LDS2610505','07679350632','041284');
INSERT INTO CONTRATTO(CIG,POTENZA_CONTRATTUALE,CONDIZIONE_MERCATO,
DEPOSITO_CAUZIONALE, TIPO_FORNITURA, STATO, TIPO, ADEGUATEZZA,
DATA_ADEGUATEZZA, CENTRO_COSTO, PARTITA_IVA, CODICE_POD)
VALUES ('1100110011',900,'FORNITURA ULTIMA ISTANZA','19','Bassa TensioneTrifase','1','G','SI','03/FEB/2022','LDS2610602','07679350632','054284');
INSERT INTO
CONTRATTO(CIG,POTENZA_CONTRATTUALE,CONDIZIONE_MERCATO,DEPOSITO_CAUZIONALE, TIPO_FORNITURA, STATO, TIPO, ADEGUATEZZA, DATA_ADEGUATEZZA,
CENTRO_COSTO, PARTITA_IVA, CODICE_POD) VALUES
('1234567890',1200,'FORNITURA ULTIMA ISTANZA','19','ALTA Tensione
Trifase','1','E','SI','03/FEB/2022','LDS2810507','06328131211','043458');
INSERT INTO
CONTRATTO(CIG,POTENZA_CONTRATTUALE,CONDIZIONE_MERCATO,DEPOSITO_CAUZIONALE, TIPO_FORNITURA, STATO, TIPO, ADEGUATEZZA, DATA_ADEGUATEZZA,
CENTRO_COSTO, PARTITA_IVA, DATA_CESSAZIONE, CODICE_POD) VALUES
('0011001100',120,'FORNITURA ULTIMA ISTANZA','19','MEDIA Tensione
Trifase','0','G','SI','03/FEB/2022','LDS2810206','06328131211','03/FEB/2022','054254');
INSERT INTO CONTRATTO(CIG,
POTENZA_CONTRATTUALE,CONDIZIONE_MERCATO,DEPOSITO_CAUZIONALE,
TIPO_FORNITURA, STATO, TIPO, ADEGUATEZZA, DATA_ADEGUATEZZA,
CENTRO_COSTO, PARTITA_IVA, CODICE_POD) VALUES
('1234567220',1200,'FORNITURA ULTIMA ISTANZA','19','MEDIA Tensione
Trifase','1','E','SI','03/FEB/2022','LDS2810206','06328131211','054254');
INSERT INTO
CONTRATTO(CIG,POTENZA_CONTRATTUALE,CONDIZIONE_MERCATO,DEPOSITO_CAUZIONALE, TIPO_FORNITURA, STATO, TIPO, ADEGUATEZZA, DATA_ADEGUATEZZA,
CENTRO_COSTO, PARTITA_IVA, CODICE_POD) VALUES
('1110001110',120,'FORNITURA ULTIMA ISTANZA','19','ALTA Tensione
Trifase','1','E','SI','03/FEB/2022','LDS2910401','07679350632','095384');
INSERT INTO
CONTRATTO(CIG,POTENZA_CONTRATTUALE,CONDIZIONE_MERCATO,DEPOSITO_CAUZIONALE, TIPO_FORNITURA, STATO, TIPO, ADEGUATEZZA, DATA_ADEGUATEZZA,
CENTRO_COSTO, PARTITA_IVA, CODICE_POD) VALUES
('1118801110',120,'FORNITURA ULTIMA ISTANZA','19','BASSA Tensione
Trifase','1','E','SI','03/FEB/2022','LDS2910401','07679350632','043484');
INSERT INTO
CONTRATTO(CIG,POTENZA_CONTRATTUALE,CONDIZIONE_MERCATO,DEPOSITO_CAUZIONALE, TIPO_FORNITURA, STATO, TIPO, ADEGUATEZZA, DATA_ADEGUATEZZA,
CENTRO_COSTO, PARTITA_IVA, CODICE_POD) VALUES
('1118807710',120,'FORNITURA ULTIMA ISTANZA','19','BASSA Tensione
Trifase','1','G','SI','03/FEB/2022','LDS2910401','07679350632','052334');
INSERT INTO
CONTRATTO(CIG,POTENZA_CONTRATTUALE,CONDIZIONE_MERCATO,DEPOSITO_CAUZIONALE, TIPO_FORNITURA, STATO, TIPO, ADEGUATEZZA,
DATA_ADEGUATEZZA,CENTRO_COSTO, PARTITA_IVA, DATA_CESSAZIONE,
CODICE_POD)
VALUES ('0011001110',120,'FORNITURA ULTIMA ISTANZA','19','MEDIA Tensione
Trifase','0','G','SI','03/FEB/2022','LDS2810206','06328131211','20/MAR/2022','095384');
INSERT INTO
CONTRATTO(CIG,POTENZA_CONTRATTUALE,CONDIZIONE_MERCATO,DEPOSITO_CAUZIONALE, TIPO_FORNITURA, STATO, TIPO, ADEGUATEZZA, DATA_ADEGUATEZZA,
CENTRO_COSTO, PARTITA_IVA, CODICE_POD) VALUES
('1919191919',120,'FORNITURA ULTIMA ISTANZA','19','ALTA Tensione
Trifase','1','G','SI','03/FEB/2022','LDS2910505','07679350632','055284');
INSERT INTO
CONTRATTO(CIG,POTENZA_CONTRATTUALE,CONDIZIONE_MERCATO,DEPOSITO_CAUZIONALE, TIPO_FORNITURA, STATO, TIPO, ADEGUATEZZA, DATA_ADEGUATEZZA,
CENTRO_COSTO, PARTITA_IVA, DATA_CESSAZIONE, CODICE_POD) VALUES
('9191919191',124,'FORNITURA ULTIMA ISTANZA','19','MEDIA Tensione
Trifase','0','G','SI','03/FEB/2022','LDSSA10401','07679350632', '03/FEB/2022','012384');
INSERT INTO
CONTRATTO(CIG,POTENZA_CONTRATTUALE,CONDIZIONE_MERCATO,DEPOSITO_CAUZIONALE, TIPO_FORNITURA, STATO, TIPO, ADEGUATEZZA, DATA_ADEGUATEZZA,
CENTRO_COSTO, PARTITA_IVA, CODICE_POD) VALUES
('9191919161',124,'FORNITURA ULTIMA ISTANZA','19','MEDIA Tensione
Trifase','1','G','SI','03/FEB/2022','LDS3010504','06328131211','142394');
INSERT INTO
CONTRATTO(CIG,POTENZA_CONTRATTUALE,CONDIZIONE_MERCATO,DEPOSITO_CAUZIONALE, TIPO_FORNITURA, STATO, TIPO, ADEGUATEZZA, DATA_ADEGUATEZZA,
CENTRO_COSTO, PARTITA_IVA, DATA_CESSAZIONE,CODICE_POD) VALUES
('9191980092',124,'FORNITURA ULTIMA ISTANZA','19','MEDIA Tensione
Trifase','0','A','SI','03/FEB/2022','LDS3010406','06328131211','03/FEB/2022','055284');
INSERT INTO
CONTRATTO(CIG,POTENZA_CONTRATTUALE,CONDIZIONE_MERCATO,DEPOSITO_CAUZIONALE, TIPO_FORNITURA, STATO, TIPO, ADEGUATEZZA, DATA_ADEGUATEZZA,
CENTRO_COSTO, PARTITA_IVA, CODICE_POD) VALUES
('9123989193',124,'FORNITURA ULTIMA ISTANZA','19','MEDIA Tensione
Trifase','1','A','SI','03/FEB/2022','LDS2510401','06328131211','112384');
INSERT INTO
CONTRATTO(CIG,POTENZA_CONTRATTUALE,CONDIZIONE_MERCATO,DEPOSITO_CAUZIONALE, TIPO_FORNITURA, STATO, TIPO, ADEGUATEZZA, DATA_ADEGUATEZZA,
CENTRO_COSTO, PARTITA_IVA, CODICE_POD) VALUES
('9123229193',124,'FORNITURA ULTIMA ISTANZA','19','MEDIA Tensione
Trifase','1','G','SI','03/FEB/2022','LDS2510401','06328131211','012384');
INSERT INTO
CONTRATTO(CIG,POTENZA_CONTRATTUALE,CONDIZIONE_MERCATO,DEPOSITO_CAUZIONALE, TIPO_FORNITURA, STATO, TIPO, ADEGUATEZZA, DATA_ADEGUATEZZA,
CENTRO_COSTO, PARTITA_IVA, CODICE_POD) VALUES
('9191981194',124,'FORNITURA ULTIMA ISTANZA','19','MEDIA Tensione
Trifase','1','A','SI','03/FEB/2022','LDS2510602','06328131211','122384');
INSERT INTO
CONTRATTO(CIG,POTENZA_CONTRATTUALE,CONDIZIONE_MERCATO,DEPOSITO_CAUZIONALE, TIPO_FORNITURA, STATO, TIPO, ADEGUATEZZA, DATA_ADEGUATEZZA,
CENTRO_COSTO, PARTITA_IVA, DATA_CESSAZIONE,CODICE_POD) VALUES
('9191989123',124,'FORNITURA ULTIMA ISTANZA','19','MEDIA Tensione
Trifase','0','G','SI','03/FEB/2022','LDS3110401','06328131211','03/FEB/2022','095384');
INSERT INTO
CONTRATTO(CIG,POTENZA_CONTRATTUALE,CONDIZIONE_MERCATO,DEPOSITO_CAUZIONALE, TIPO_FORNITURA, STATO, TIPO, ADEGUATEZZA, DATA_ADEGUATEZZA,
CENTRO_COSTO, PARTITA_IVA, DATA_CESSAZIONE, CODICE_POD) VALUES
('9194569191',124,'FORNITURA ULTIMA ISTANZA',19,'MEDIA Tensione
Trifase','0','E','SI','03/FEB/2022','LDS3110206','06328131211','03/FEB/2022','082784');
INSERT INTO
CONTRATTO(CIG,POTENZA_CONTRATTUALE,CONDIZIONE_MERCATO,DEPOSITO_CAUZIONALE, TIPO_FORNITURA, STATO, TIPO, ADEGUATEZZA, DATA_ADEGUATEZZA,
CENTRO_COSTO, PARTITA_IVA, DATA_CESSAZIONE, CODICE_POD) VALUES
('5671989191',124,'FORNITURA ULTIMA ISTANZA','19','MEDIA Tensione
Trifase','0','A','SI','03/FEB/2022','LDS3010504','06328131211','03/FEB/2022','142384');
INSERT INTO
CONTRATTO(CIG,POTENZA_CONTRATTUALE,CONDIZIONE_MERCATO,DEPOSITO_CAUZIONALE, TIPO_FORNITURA, STATO, TIPO, ADEGUATEZZA, DATA_ADEGUATEZZA,
CENTRO_COSTO, PARTITA_IVA, DATA_CESSAZIONE,CODICE_POD) VALUES
('9191989191',124,'FORNITURA ULTIMA ISTANZA','19','MEDIA Tensione
Trifase','0','A','SI','03/FEB/2022','LDS3010504','06328131211','03/FEB/2022','132384');

INSERT INTO BOLLETTA (NUMERO_FATTURA, PERIODO, TOT_PAGARE,
DATA_EMISSIONE, IVA, IMPOSTE, COSTI_GENERALI, SCADENZA, CODICE_ATTO,CIG)
VALUES('8117799','JUL-AUG',42807.23,'03/FEB/2022',1456.2,400,2302,'03/FEB/2022','279203','919828919');
INSERT INTO BOLLETTA (NUMERO_FATTURA, PERIODO, TOT_PAGARE,
DATA_EMISSIONE, IVA, IMPOSTE, COSTI_GENERALI, SCADENZA, CODICE_ATTO,CIG)
VALUES('8307799','SEP-OCT',42697.23,'03/FEB/2022',1456.2,400,2302,'03/FEB/2022','279203','0101010190');
INSERT INTO BOLLETTA (NUMERO_FATTURA, PERIODO, TOT_PAGARE,
DATA_EMISSIONE, IVA, IMPOSTE, COSTI_GENERALI, SCADENZA, CODICE_ATTO,CIG)
VALUES('2307799','SEP-OCT',1607.23,'03/FEB/2022',1456.2,400,2302,'03/FEB/2022','279203','9191989123');
INSERT INTO BOLLETTA (NUMERO_FATTURA, PERIODO, TOT_PAGARE,
DATA_EMISSIONE, IVA, IMPOSTE, COSTI_GENERALI, SCADENZA, CODICE_ATTO,CIG)
VALUES('2309999','SEP-OCT',46607.23,'03/FEB/2022',1456.2,400,2302,'03/FEB/2022','279203','9123229193');
INSERT INTO BOLLETTA (NUMERO_FATTURA, PERIODO, TOT_PAGARE,
DATA_EMISSIONE, IVA, IMPOSTE, COSTI_GENERALI, SCADENZA, CODICE_ATTO,CIG)
VALUES('2309399','SEP-OCT',707.23,'03/FEB/2022',1456.2,400,2302,'03/FEB/2022','279203','0011001110');
INSERT INTO BOLLETTA (NUMERO_FATTURA, PERIODO, TOT_PAGARE,
DATA_EMISSIONE, IVA, IMPOSTE, COSTI_GENERALI, SCADENZA, CODICE_ATTO,CIG)
VALUES('2309347','SEP-OCT',207.23,'03/FEB/2022',1456.2,400,2302,'03/FEB/2022','279203','919198920');
INSERT INTO BOLLETTA(NUMERO_FATTURA, PERIODO, TOT_PAGARE,
DATA_EMISSIONE, IVA, IMPOSTE, COSTI_GENERALI, SCADENZA, CODICE_ATTO,CIG)
VALUES('2309947','SEP-OCT',4607.23,'03/FEB/2022',1456.2,400,2302,'03/FEB/2022','279203','919198919');
INSERT INTO BOLLETTA(NUMERO_FATTURA, PERIODO, TOT_PAGARE,
DATA_EMISSIONE, IVA, IMPOSTE, COSTI_GENERALI, SCADENZA, CODICE_ATTO,CIG)
VALUES('2309317','SEP-OCT',42601.23,'03/FEB/2022',1456.2,400,2302,'03/FEB/2022','279203','5671989191');
INSERT INTO BOLLETTA(NUMERO_FATTURA, PERIODO, TOT_PAGARE,
DATA_EMISSIONE, IVA, IMPOSTE, COSTI_GENERALI, SCADENZA, CODICE_ATTO,CIG)
VALUES('2309388','SEP-OCT',42557.23,'03/FEB/2022',1456.2,400,2302,'03/FEB/2022','279203','9191980092');
INSERT INTO BOLLETTA(NUMERO_FATTURA, PERIODO, TOT_PAGARE,
DATA_EMISSIONE, IVA, IMPOSTE, COSTI_GENERALI, SCADENZA, CODICE_ATTO,
CIG)
VALUES('2309344','OCT-NOV',45507.17,'03/FEB/2022',400,2302,73432,'03/FEB/2022','279203','0101010121');
INSERT INTO BOLLETTA(NUMERO_FATTURA, PERIODO, TOT_PAGARE,
DATA_EMISSIONE,IVA, IMPOSTE, COSTI_GENERALI, SCADENZA, CODICE_ATTO, CIG)
VALUES('2309348','SEP-OCT',22607.02,'03/FEB/2022',1456.2,400,2302,'03/FEB/2022','279203','1010101010');
INSERT INTO BOLLETTA(NUMERO_FATTURA, PERIODO, TOT_PAGARE,
DATA_EMISSIONE, IVA, IMPOSTE, COSTI_GENERALI, SCADENZA, CODICE_ATTO,
CIG)
VALUES('2309349','NOV-DEC',42657.01,'03/FEB/2022',1456.2,400,2302,'03/FEB/2022','279203','0101010101');
INSERT INTO BOLLETTA(NUMERO_FATTURA, PERIODO, TOT_PAGARE,
DATA_EMISSIONE,IVA, IMPOSTE, COSTI_GENERALI, SCADENZA, CODICE_ATTO, CIG)
VALUES('2309346','NOV-DEC',42657.01,'03/FEB/2022',1456.2,400,2302,'03/FEB/2022','279203','9123989193');
INSERT INTO BOLLETTA(NUMERO_FATTURA, PERIODO, TOT_PAGARE,
DATA_EMISSIONE, IVA, IMPOSTE, COSTI_GENERALI, SCADENZA,CODICE_ATTO, CIG)
VALUES('2309350','SEP-OCT',22507.10,'03/FEB/2022',456.2,300,2302,'03/FEB/2022','54647','1100110011');
INSERT INTO BOLLETTA(NUMERO_FATTURA, PERIODO, TOT_PAGARE,
DATA_EMISSIONE, IVA, IMPOSTE, COSTI_GENERALI, SCADENZA,CODICE_ATTO, CIG)
VALUES('2309351','SEP-OCT',22507.10,'03/FEB/2022',456.2,300,2302,'03/FEB/2022','54647','9191981194');
INSERT INTO BOLLETTA(NUMERO_FATTURA, PERIODO, TOT_PAGARE,
DATA_EMISSIONE, IVA, IMPOSTE, COSTI_GENERALI, SCADENZA,CODICE_ATTO, CIG)
VALUES('2309355','FEB-MAR',72507.11,'03/FEB/2022',456.2,300,2302,'03/FEB/2022','54647','1234567890');
INSERT INTO BOLLETTA(NUMERO_FATTURA, PERIODO, TOT_PAGARE,
DATA_EMISSIONE, IVA, IMPOSTE, COSTI_GENERALI, SCADENZA,CODICE_ATTO, CIG)
VALUES('2309365','FEB-MAR',72507.11,'03/FEB/2022',456.2,300,2302,'03/FEB/2022','54647','1234567220');
INSERT INTO BOLLETTA(NUMERO_FATTURA, PERIODO, TOT_PAGARE,
DATA_EMISSIONE, IVA, IMPOSTE, COSTI_GENERALI, SCADENZA,CODICE_ATTO, CIG)
VALUES('2309352','FEB-MAR',14507.99,'03/FEB/2022',456.2,300,2302,'03/FEB/2022','54647','0011001100');
INSERT INTO BOLLETTA(NUMERO_FATTURA, PERIODO, TOT_PAGARE,
DATA_EMISSIONE, IVA, IMPOSTE, COSTI_GENERALI, SCADENZA,CODICE_ATTO, CIG)
VALUES('2309389','FEB-MAR',14507.99,'03/FEB/2022',456.2,300,2302,'03/FEB/2022','54647','9194569191');
INSERT INTO BOLLETTA(NUMERO_FATTURA, PERIODO, TOT_PAGARE,
DATA_EMISSIONE, IVA, IMPOSTE, COSTI_GENERALI, SCADENZA,CODICE_ATTO, CIG)VALUES('2309353','MAY-JUN',2507.93,'03/FEB/2022',456.2,300,2302,'03/FEB/2022','83644','1110001110');
INSERT INTO BOLLETTA(NUMERO_FATTURA, PERIODO, TOT_PAGARE,
DATA_EMISSIONE, IVA, IMPOSTE, COSTI_GENERALI, SCADENZA,CODICE_ATTO, CIG)
VALUES('2309354','JUN-JUL',272507.83,'03/FEB/2022',456.2,300,2302,'03/FEB/2022','83644','1110001110');
INSERT INTO BOLLETTA(NUMERO_FATTURA, PERIODO, TOT_PAGARE,
DATA_EMISSIONE, IVA, IMPOSTE, COSTI_GENERALI, SCADENZA,CODICE_ATTO, CIG)
VALUES('2309322','JUL-AUG',9507.53,'03/FEB/2022',456.2,300,2302,'03/FEB/2022','278374','1919191919');
INSERT INTO BOLLETTA(NUMERO_FATTURA, PERIODO, TOT_PAGARE,
DATA_EMISSIONE, IVA, IMPOSTE, COSTI_GENERALI, SCADENZA,CODICE_ATTO, CIG)
VALUES('2309357','JAN-FEB',8555.33,'03/FEB/2022',456.2,300,2302,'03/FEB/2022','11240','9191919161');
INSERT INTO BOLLETTA(NUMERO_FATTURA, PERIODO, TOT_PAGARE,
DATA_EMISSIONE, IVA, IMPOSTE, COSTI_GENERALI, SCADENZA,CODICE_ATTO, CIG)
VALUES('2309358','MAR-APR',100000.24,'03/FEB/2022',456.2,300,2302,'03/FEB/2022','11240','1118807710');
INSERT INTO BOLLETTA(NUMERO_FATTURA, PERIODO, TOT_PAGARE,
DATA_EMISSIONE, IVA, IMPOSTE, COSTI_GENERALI, SCADENZA,CODICE_ATTO, CIG)
VALUES('2309359','APR-MAY',9999.24,'03/FEB/2022',456.2,300,2302,'03/FEB/2022','282636','5671989191');
INSERT INTO BOLLETTA(NUMERO_FATTURA, PERIODO, TOT_PAGARE,
DATA_EMISSIONE, IVA, IMPOSTE, COSTI_GENERALI, SCADENZA, CIG)
VALUES('2109361','MAY-JUN',16581.73,'03/FEB/2022',456.2,300,2302,'03/FEB/2022','9191919161');
INSERT INTO BOLLETTA(NUMERO_FATTURA, PERIODO, TOT_PAGARE,
DATA_EMISSIONE, IVA, IMPOSTE, COSTI_GENERALI, SCADENZA, CIG)
VALUES('2509363','JAN-FEB',8555.33,'03/FEB/2022',456.2,300,2302,'03/FEB/2022','5671989191');

INSERT INTO BOLLETTA(NUMERO_FATTURA, PERIODO, TOT_PAGARE,
DATA_EMISSIONE, IVA, IMPOSTE, COSTI_GENERALI, SCADENZA, CODICE_ATTO,CIG)
VALUES('23093333','OCT-NOV',826097.23,'03/FEB/2022',1456.2,400,2302,'03/FEB/2022','279203','9191989191');
INSERT INTO BOLLETTA(NUMERO_FATTURA, PERIODO, TOT_PAGARE,
DATA_EMISSIONE, IVA, IMPOSTE, COSTI_GENERALI, SCADENZA, CODICE_ATTO,
CIG)
VALUES('2322347','MAR-APR',72607.17,'03/FEB/2022',1456.2,460,2302,'03/FEB/2022','279203','1118801110');
INSERT INTO BOLLETTA(NUMERO_FATTURA, PERIODO, TOT_PAGARE,
DATA_EMISSIONE, IVA, IMPOSTE, COSTI_GENERALI, SCADENZA, CODICE_ATTO,CIG)
VALUES('2309397','NOV-DEC',72607.17,'03/FEB/2022',1456.2,400,2302,'03/FEB/2022','279203','0101010121');
INSERT INTO BOLLETTA(NUMERO_FATTURA, PERIODO, TOT_PAGARE,
DATA_EMISSIONE, IVA, IMPOSTE, COSTI_GENERALI, SCADENZA, CODICE_ATTO,CIG)
VALUES('2309227','JUN-JUL',42607.23,'03/FEB/2022',1456.2,400,2302,'03/FEB/2022','279203','9191989191');
INSERT INTO BOLLETTA(NUMERO_FATTURA, PERIODO, TOT_PAGARE,
DATA_EMISSIONE, IVA, IMPOSTE, COSTI_GENERALI, SCADENZA, CODICE_ATTO,
CIG)
VALUES('2309907','JAN-FEB',42607.17,'03/FEB/2022',1456.2,400,2302,'03/FEB/2022','279203','0101010121');


INSERT INTO BOLLETTA_ELETTRICA(ENERGIA_REATTIVA, POTENZA_PRELEVATA,
CTS, ENERGIA_ATTIVA, NUMERO_FATTURA, SERVIZI_RETE, SERVIZI_DI_VENDITA)
VALUES (300,567,9,24,'2309348',900,8273);
INSERT INTO BOLLETTA_ELETTRICA(ENERGIA_REATTIVA, POTENZA_PRELEVATA,
CTS, ENERGIA_ATTIVA, NUMERO_FATTURA, SERVIZI_RETE, SERVIZI_DI_VENDITA)
VALUES (300,567,9,24,'2309353',900,8273);
INSERT INTO BOLLETTA_ELETTRICA(ENERGIA_REATTIVA, POTENZA_PRELEVATA,
CTS,
ENERGIA_ATTIVA, NUMERO_FATTURA, SERVIZI_RETE, SERVIZI_DI_VENDITA)
VALUES (300,567,9,24,'2309354',900,8273);
INSERT INTO BOLLETTA_ELETTRICA(ENERGIA_REATTIVA, POTENZA_PRELEVATA,
CTS, ENERGIA_ATTIVA, NUMERO_FATTURA, SERVIZI_RETE, SERVIZI_DI_VENDITA)
VALUES (300,567,9,24,'2309389',900,8273);
INSERT INTO BOLLETTA_ELETTRICA(ENERGIA_REATTIVA, POTENZA_PRELEVATA,
CTS, ENERGIA_ATTIVA, NUMERO_FATTURA, SERVIZI_RETE, SERVIZI_DI_VENDITA)
VALUES (300,567,9,24,'2322347',900,8273);
INSERT INTO BOLLETTA_ELETTRICA(ENERGIA_REATTIVA, POTENZA_PRELEVATA,
CTS, ENERGIA_ATTIVA, NUMERO_FATTURA, SERVIZI_RETE, SERVIZI_DI_VENDITA)
VALUES (300,567,9,24,'2309355',900,8273);
INSERT INTO BOLLETTA_ELETTRICA(ENERGIA_REATTIVA, POTENZA_PRELEVATA,
CTS,
ENERGIA_ATTIVA, NUMERO_FATTURA, SERVIZI_RETE, SERVIZI_DI_VENDITA)
VALUES (300,567,9,24,'2309365',900,8273);


INSERT INTO BOLLETTA_ACQUA(ACQUEDOTTO, FOGNATURA, DEPURAZIONE,
CONSUMO_ACQUA, ONERI_PEREQUAZIONE, NUMERO_FATTURA) VALUES
(1300,567,766,8930,44,'8307799');
INSERT INTO BOLLETTA_ACQUA(ACQUEDOTTO, FOGNATURA, DEPURAZIONE,
CONSUMO_ACQUA, ONERI_PEREQUAZIONE, NUMERO_FATTURA) VALUES
(1300,567,766,8930,44,'2309227');
INSERT INTO BOLLETTA_ACQUA(ACQUEDOTTO, FOGNATURA, DEPURAZIONE,
CONSUMO_ACQUA, ONERI_PEREQUAZIONE, NUMERO_FATTURA) VALUES
(1300,567,766,8930,44,'23093333');
INSERT INTO BOLLETTA_ACQUA(ACQUEDOTTO, FOGNATURA, DEPURAZIONE,
CONSUMO_ACQUA, ONERI_PEREQUAZIONE, NUMERO_FATTURA) VALUES
(1300,567,766,8930,44,'2309359');
INSERT INTO BOLLETTA_ACQUA(ACQUEDOTTO, FOGNATURA, DEPURAZIONE,
CONSUMO_ACQUA, ONERI_PEREQUAZIONE, NUMERO_FATTURA) VALUES
(1300,567,766,8930,44,'2309346');
INSERT INTO BOLLETTA_ACQUA(ACQUEDOTTO, FOGNATURA, DEPURAZIONE,
CONSUMO_ACQUA, ONERI_PEREQUAZIONE, NUMERO_FATTURA) VALUES
(1300,567,766,8930,44,'2309317');
INSERT INTO BOLLETTA_ACQUA(ACQUEDOTTO, FOGNATURA, DEPURAZIONE,
CONSUMO_ACQUA, ONERI_PEREQUAZIONE, NUMERO_FATTURA) VALUES
(1300,567,766,8930,44,'2509363');
INSERT INTO BOLLETTA_ACQUA(ACQUEDOTTO, FOGNATURA, DEPURAZIONE,
CONSUMO_ACQUA, ONERI_PEREQUAZIONE, NUMERO_FATTURA) VALUES
(1300,567,766,8930,44,'2309388');
INSERT INTO BOLLETTA_ACQUA(ACQUEDOTTO, FOGNATURA, DEPURAZIONE,
CONSUMO_ACQUA, ONERI_PEREQUAZIONE, NUMERO_FATTURA) VALUES
(1300,567,766,8930,44,'2309347');
INSERT INTO BOLLETTA_ACQUA(ACQUEDOTTO, FOGNATURA, DEPURAZIONE,
CONSUMO_ACQUA, ONERI_PEREQUAZIONE, NUMERO_FATTURA) VALUES
(1300,567,766,8930,44,'2309351');


/*INSERT INTO MANDATO
(CODICE_ATTO,NUMERO_ATTO,TOTALE_PAGAMENTO,DATA_RECAPITO,EMAIL_AZIENDALE) VALUES
('282636','05',1280000,'03/FEB/2022','palloncinodolce@live.it');*/




INSERT INTO BOLLETTA_GAS(TRASPORTO_E_GESTIONE,
FORNITURA_GAS,CONSUMO_PDR, ONERI_DI_SISTEMA, NUMERO_FATTURA)
VALUES (1300,567,4000, 44,'2309999');
INSERT INTO BOLLETTA_GAS(TRASPORTO_E_GESTIONE, FORNITURA_GAS,
CONSUMO_PDR, ONERI_DI_SISTEMA, NUMERO_FATTURA) VALUES (1300,567,4000,
44,'2109361');
INSERT INTO BOLLETTA_GAS(TRASPORTO_E_GESTIONE, FORNITURA_GAS,
CONSUMO_PDR, ONERI_DI_SISTEMA, NUMERO_FATTURA) VALUES (1300,567,4000,
44,'2309322');
INSERT INTO BOLLETTA_GAS(TRASPORTO_E_GESTIONE, FORNITURA_GAS,
CONSUMO_PDR, ONERI_DI_SISTEMA, NUMERO_FATTURA) VALUES (1300,567,4000,
44,'2309399');
INSERT INTO BOLLETTA_GAS(TRASPORTO_E_GESTIONE, FORNITURA_GAS,
CONSUMO_PDR, ONERI_DI_SISTEMA, NUMERO_FATTURA) VALUES (1300,567,4000,
44,'2309397');
INSERT INTO BOLLETTA_GAS(TRASPORTO_E_GESTIONE, FORNITURA_GAS,
CONSUMO_PDR, ONERI_DI_SISTEMA, NUMERO_FATTURA) VALUES (1300,567,4000,
44,'2309947');
INSERT INTO BOLLETTA_GAS(TRASPORTO_E_GESTIONE, FORNITURA_GAS,
CONSUMO_PDR, ONERI_DI_SISTEMA, NUMERO_FATTURA) VALUES (1300,567,4000,
44,'2309344');
INSERT INTO BOLLETTA_GAS(TRASPORTO_E_GESTIONE, FORNITURA_GAS,
CONSUMO_PDR, ONERI_DI_SISTEMA, NUMERO_FATTURA) VALUES (1300,567,4000,
44,'2309349');
INSERT INTO BOLLETTA_GAS(TRASPORTO_E_GESTIONE, FORNITURA_GAS,
CONSUMO_PDR, ONERI_DI_SISTEMA, NUMERO_FATTURA) VALUES (1300,567,4000,
44,'2309358');
INSERT INTO BOLLETTA_GAS(TRASPORTO_E_GESTIONE, FORNITURA_GAS,
CONSUMO_PDR, ONERI_DI_SISTEMA, NUMERO_FATTURA)
VALUES (1300,567,4000, 44,'2309350');
INSERT INTO BOLLETTA_GAS(TRASPORTO_E_GESTIONE, FORNITURA_GAS,
CONSUMO_PDR, ONERI_DI_SISTEMA, NUMERO_FATTURA) VALUES (1300,567,4000,
44,'2309352');
INSERT INTO BOLLETTA_GAS(TRASPORTO_E_GESTIONE, FORNITURA_GAS,
CONSUMO_PDR, ONERI_DI_SISTEMA, NUMERO_FATTURA) VALUES (1300,567,4000,
44,'2307799');
INSERT INTO BOLLETTA_GAS(TRASPORTO_E_GESTIONE, FORNITURA_GAS,
CONSUMO_PDR, ONERI_DI_SISTEMA, NUMERO_FATTURA) VALUES (1300,567,4000,44,'8117799');
INSERT INTO BOLLETTA_GAS(TRASPORTO_E_GESTIONE, FORNITURA_GAS,
CONSUMO_PDR, ONERI_DI_SISTEMA, NUMERO_FATTURA) VALUES (1300,567,4000,
44,'2309357');
INSERT INTO BOLLETTA_GAS(TRASPORTO_E_GESTIONE, FORNITURA_GAS,
CONSUMO_PDR, ONERI_DI_SISTEMA, NUMERO_FATTURA) VALUES (1300,567, 4000,
44,'2309907');



